{
  "punctuation": {
    ".": 0.9237804878048781,
    "?": 0.0,
    "!": 0.0,
    "...": 0.012195121951219513,
    "—": 0.06402439024390244
  },
  "sentence_length": {
    "short": 0.8006756756756757,
    "medium": 0.11486486486486487,
    "long": 0.08445945945945946
  }
}